<?xml version="1.0" encoding="UTF-8"?>
<project version="4">
  <component name="AutoImportSettings">
    <option name="autoReloadType" value="SELECTIVE" />
  </component>
  <component name="ChangeListManager">
    <list default="true" id="facc6666-b368-4cc4-826b-e9dc9530e06a" name="Changes" comment="" />
    <option name="SHOW_DIALOG" value="false" />
    <option name="HIGHLIGHT_CONFLICTS" value="true" />
    <option name="HIGHLIGHT_NON_ACTIVE_CHANGELIST" value="false" />
    <option name="LAST_RESOLUTION" value="IGNORE" />
  </component>
  <component name="ProjectColorInfo"><![CDATA[{
  "associatedIndex": 4
}]]></component>
  <component name="ProjectId" id="2nyU4tzfxWQrUTKsadRJaT7dEbm" />
  <component name="ProjectViewState">
    <option name="hideEmptyMiddlePackages" value="true" />
    <option name="showLibraryContents" value="true" />
  </component>
  <component name="PropertiesComponent"><![CDATA[{
  "keyToString": {
    "RunOnceActivity.ShowReadmeOnStart": "true",
    "kotlin-language-version-configured": "true",
    "last_opened_file_path": "C:/Users/Rajeev/Downloads/vcard-personal-portfolio-master"
  }
}]]></component>
  <component name="SpellCheckerSettings" RuntimeDictionaries="0" Folders="0" CustomDictionaries="0" DefaultDictionary="application-level" UseSingleDictionary="true" transferred="true" />
  <component name="TaskManager">
    <task active="true" id="Default" summary="Default task">
      <changelist id="facc6666-b368-4cc4-826b-e9dc9530e06a" name="Changes" comment="" />
      <created>1729944621604</created>
      <option name="number" value="Default" />
      <option name="presentableId" value="Default" />
      <updated>1729944621604</updated>
    </task>
    <servers />
  </component>
</project>